txId,blockId,type,txHash
15367109,229265,S,46aa1784c28fb40b0e4351c599d13d6224dfa389273e27d1898590204273e234
15579990,229814,S,98069c9c8770c4fd1cc73070ee3da07f55284bb62591e86af9acc82f57e673b9
26889044,269132,S,499e80a173ee095d44b1c3503c5d00015222a2d7c17a2140fa16f28eeeda8b93
30379718,278511,S,6164cb05c04d6700ff2cda18f1ba2824d3d02eb782a557a59cf84cc4924af6da
32006969,283392,S,bd5c650f11b0c67365efc6dfb039fbf23f9187455d1e9283b6dab83ccc7cb719
42453637,310571,S,52a16a4b7e7376f25151c7362adf3fd5165ae91d013ea6c9d43a4ddf0959bf42
45576189,318089,S,f482cc27c67f28c037029e45f96b05789e9ca38e7f0ed0205282162242898a3b
49860416,327218,S,af96ece904c947057e1dee4f84fdca51e277bfd1f58a781471d353468115582a
49860421,327218,S,499028aa9984a0d891823a17e0a5c3ab8e8d49b560d9b9df882c1c87063cb173
50185095,327766,S,4e59ed6c80aa59e9a3a90b5f655965830cbfb96599a5877e990a763264da6d6c
59470642,343228,S,11b7445623534c2dc8738df511dedadc27d67536a517d0b7396e6cb9fdf33e86
65292378,351791,S,71e21609aeb14402635079dd584f806e99764b421eb6d88a7467bf9e784c6c1d
71498706,360210,S,836246ccc4b8f8cf0299648ef25d5df1ece47527fa07f158d1487965a6199b53
83130420,373964,S,9b9eedcfb11bd023b76b8699a8bbd0f087b47c7aff96532b691458439519e713
93840402,384934,S,77bc42786563dd03991442890cbea3b50ae371d9aaf690f11a17dfb137325d24
93840403,384934,S,bef854f1f126f3dfd2744f76612d4672a83574a4d5b817b3fae7165c22d8a8da
102816641,392730,S,1752b9cfa3c39ea6043ca96eb01dd57baa5167bfb9878cd88e90f35fa36dd39f
137332942,417249,S,f441cc19071bdc7d1b28b260d48e123dea495b6932c4f80c36624962568549ea
232867174,471826,S,d4bbb8f60797566a7f818e15a94f4b2860cb10c91454d5d704d2b856d9a550cd
